{
    "name": "smallipop",
    "version": "0.6.4",
    "title": "jQuery Smallipop",
    "description": "A versatile jQuery plugin for displaying beautiful tooltips and interactive tours",
    "homepage": "http://projects.sebastianhelzle.net/jquery.smallipop",
    "author": {
        "name": "Sebastian Helzle",
        "email": "sebastian@helzle.net",
        "url": "https://github.com/sebobo"
    },
    "licenses": [
        {
            "type": "MIT",
            "url": "https://raw.github.com/Sebobo/jquery.smallipop/master/MIT-LICENSE.txt"
        }
    ],
    "dependencies": {
        "jquery": ">=1.5.2"
    },
    "maintainers": [
        {
            "name": "Sebastian Helzle",
            "email": "sebastian@helzle.net",
            "url": "http://www.sebastianhelzle.net"
        }
    ],
    "keywords": [
        "tooltip",
        "bubble",
        "hint",
        "popup",
        "ui",
        "tour",
        "exposure",
        "highlighting",
        "amd"
    ],
    "bugs": "https://github.com/Sebobo/jquery.smallipop/issues",
    "docs": "http://projects.sebastianhelzle.net/jquery.smallipop",
    "download": "https://github.com/Sebobo/jquery.smallipop"
}
